Q,Qi,Qc,1/Re[1/Qc],phi,fc
9962.14848,-3359.217656,1880.0,2510.0,0.7,6.8329
inf,inf,200.0,300.0,0.2,0.0002
