Q,Qi,Qc,1/Re[1/Qc],phi,fc
10286.89575,-3435.509976,1920.0,2570.0,0.7,6.8329
inf,inf,200.0,200.0,0.2,0.0002
