Q,Qi,Qc,1/Re[1/Qc],phi,fc
7932.385652,-3489.523927,1700.0,2423.0,0.79,6.8326
inf,inf,60.0,90.0,0.08,0.0002
