Q,Qi,Qc,1/Re[1/Qc],phi,fc
8768.936519,-3385.605355,1801.0,2440.0,0.74,6.8327
inf,inf,90.0,100.0,0.09,0.0002
