Q,Qi,Qc,1/Re[1/Qc],phi,fc
10167.50856,-3379.845183,1900.0,2530.0,0.7,6.8329
inf,inf,200.0,200.0,0.2,0.0002
