Q,Qi,Qc,1/Re[1/Qc],phi,fc
9207.165581,-3476.98527,1850.0,2520.0,0.74,6.8328
inf,inf,100.0,100.0,0.09,0.0002
