Q,Qi,Qc,1/Re[1/Qc],phi,fc
7965.18731,-3700.799264,1758.0,2526.0,0.8,6.8326
inf,inf,70.0,100.0,0.08,0.0002
