Q,Qi,Qc,1/Re[1/Qc],phi,fc
10366.89729,-3424.489682,1920.0,2570.0,0.7,6.8329
inf,inf,200.0,300.0,0.1,0.0002
