Q,Qi,Qc,1/Re[1/Qc],phi,fc
9769.654167,-3319.60046,1870.0,2470.0,0.7,6.8329
inf,inf,100.0,200.0,0.2,0.0002
