Q,Qi,Qc,1/Re[1/Qc],phi,fc
9751.808664,-3478.142997,1880.0,2560.0,0.7,6.8328
inf,inf,200.0,200.0,0.2,0.0002
