Q,Qi,Qc,1/Re[1/Qc],phi,fc
10386.88712,-3425.795467,1930.0,2570.0,0.7,6.8329
inf,inf,400.0,500.0,0.2,0.0002
