Q,Qi,Qc,1/Re[1/Qc],phi,fc
9265.788411,-3417.853749,1840.0,2490.0,0.7,6.8328
inf,inf,100.0,200.0,0.1,0.0002
