Q,Qi,Qc,1/Re[1/Qc],phi,fc
10283.79214,-3404.686466,1920.0,2550.0,0.7,6.8329
inf,inf,400.0,500.0,0.2,0.0002
