Q,Qi,Qc,1/Re[1/Qc],phi,fc
10209.45113,-3409.439417,1910.0,2550.0,0.7,6.8329
inf,inf,200.0,200.0,0.2,0.0002
