Q,Qi,Qc,1/Re[1/Qc],phi,fc
10211.34806,-3409.14097,1910.0,2550.0,0.7,6.8329
inf,inf,300.0,500.0,0.1,0.0002
