Q,Qi,Qc,1/Re[1/Qc],phi,fc
8454.093309,-3340.375075,1747.0,2390.0,0.75,6.8327
inf,inf,80.0,100.0,0.08,0.0002
